Turn,Color.RED_VP,Color.BLUE_VP,Color.RED_Class,Color.BLUE_Class,Num_Players,Num_Turns,Winner,Game_ID
0,0,0,ResourceHoarderPlayer,RandomPlayer,2,777,Color.BLUE,2
1,1,0,ResourceHoarderPlayer,RandomPlayer,2,777,Color.BLUE,2
2,1,0,ResourceHoarderPlayer,RandomPlayer,2,777,Color.BLUE,2
3,1,1,ResourceHoarderPlayer,RandomPlayer,2,777,Color.BLUE,2
4,1,1,ResourceHoarderPlayer,RandomPlayer,2,777,Color.BLUE,2
5,1,2,ResourceHoarderPlayer,RandomPlayer,2,777,Color.BLUE,2
6,1,2,ResourceHoarderPlayer,RandomPlayer,2,777,Color.BLUE,2
7,2,2,ResourceHoarderPlayer,RandomPlayer,2,777,Color.BLUE,2
8,2,2,ResourceHoarderPlayer,RandomPlayer,2,777,Color.BLUE,2
9,2,2,ResourceHoarderPlayer,RandomPlayer,2,777,Color.BLUE,2
10,2,2,ResourceHoarderPlayer,RandomPlayer,2,777,Color.BLUE,2
11,2,2,ResourceHoarderPlayer,RandomPlayer,2,777,Color.BLUE,2
12,2,2,ResourceHoarderPlayer,RandomPlayer,2,777,Color.BLUE,2
13,2,2,ResourceHoarderPlayer,RandomPlayer,2,777,Color.BLUE,2
14,2,2,ResourceHoarderPlayer,RandomPlayer,2,777,Color.BLUE,2
15,2,2,ResourceHoarderPlayer,RandomPlayer,2,777,Color.BLUE,2
16,2,2,ResourceHoarderPlayer,RandomPlayer,2,777,Color.BLUE,2
17,2,2,ResourceHoarderPlayer,RandomPlayer,2,777,Color.BLUE,2
18,2,2,ResourceHoarderPlayer,RandomPlayer,2,777,Color.BLUE,2
19,2,2,ResourceHoarderPlayer,RandomPlayer,2,777,Color.BLUE,2
20,2,2,ResourceHoarderPlayer,RandomPlayer,2,777,Color.BLUE,2
21,2,2,ResourceHoarderPlayer,RandomPlayer,2,777,Color.BLUE,2
22,2,2,ResourceHoarderPlayer,RandomPlayer,2,777,Color.BLUE,2
23,2,2,ResourceHoarderPlayer,RandomPlayer,2,777,Color.BLUE,2
24,2,2,ResourceHoarderPlayer,RandomPlayer,2,777,Color.BLUE,2
25,2,2,ResourceHoarderPlayer,RandomPlayer,2,777,Color.BLUE,2
26,2,2,ResourceHoarderPlayer,RandomPlayer,2,777,Color.BLUE,2
27,2,2,ResourceHoarderPlayer,RandomPlayer,2,777,Color.BLUE,2
28,2,2,ResourceHoarderPlayer,RandomPlayer,2,777,Color.BLUE,2
29,2,2,ResourceHoarderPlayer,RandomPlayer,2,777,Color.BLUE,2
30,2,2,ResourceHoarderPlayer,RandomPlayer,2,777,Color.BLUE,2
31,2,2,ResourceHoarderPlayer,RandomPlayer,2,777,Color.BLUE,2
32,2,2,ResourceHoarderPlayer,RandomPlayer,2,777,Color.BLUE,2
33,2,2,ResourceHoarderPlayer,RandomPlayer,2,777,Color.BLUE,2
34,2,2,ResourceHoarderPlayer,RandomPlayer,2,777,Color.BLUE,2
35,2,2,ResourceHoarderPlayer,RandomPlayer,2,777,Color.BLUE,2
36,2,2,ResourceHoarderPlayer,RandomPlayer,2,777,Color.BLUE,2
37,2,2,ResourceHoarderPlayer,RandomPlayer,2,777,Color.BLUE,2
38,2,2,ResourceHoarderPlayer,RandomPlayer,2,777,Color.BLUE,2
39,2,2,ResourceHoarderPlayer,RandomPlayer,2,777,Color.BLUE,2
40,2,2,ResourceHoarderPlayer,RandomPlayer,2,777,Color.BLUE,2
41,2,2,ResourceHoarderPlayer,RandomPlayer,2,777,Color.BLUE,2
42,2,2,ResourceHoarderPlayer,RandomPlayer,2,777,Color.BLUE,2
43,2,2,ResourceHoarderPlayer,RandomPlayer,2,777,Color.BLUE,2
44,2,2,ResourceHoarderPlayer,RandomPlayer,2,777,Color.BLUE,2
45,2,2,ResourceHoarderPlayer,RandomPlayer,2,777,Color.BLUE,2
46,2,2,ResourceHoarderPlayer,RandomPlayer,2,777,Color.BLUE,2
47,2,2,ResourceHoarderPlayer,RandomPlayer,2,777,Color.BLUE,2
48,2,2,ResourceHoarderPlayer,RandomPlayer,2,777,Color.BLUE,2
49,2,2,ResourceHoarderPlayer,RandomPlayer,2,777,Color.BLUE,2
50,2,2,ResourceHoarderPlayer,RandomPlayer,2,777,Color.BLUE,2
51,2,2,ResourceHoarderPlayer,RandomPlayer,2,777,Color.BLUE,2
52,2,2,ResourceHoarderPlayer,RandomPlayer,2,777,Color.BLUE,2
53,2,2,ResourceHoarderPlayer,RandomPlayer,2,777,Color.BLUE,2
54,2,2,ResourceHoarderPlayer,RandomPlayer,2,777,Color.BLUE,2
55,2,2,ResourceHoarderPlayer,RandomPlayer,2,777,Color.BLUE,2
56,2,2,ResourceHoarderPlayer,RandomPlayer,2,777,Color.BLUE,2
57,2,2,ResourceHoarderPlayer,RandomPlayer,2,777,Color.BLUE,2
58,2,2,ResourceHoarderPlayer,RandomPlayer,2,777,Color.BLUE,2
59,2,2,ResourceHoarderPlayer,RandomPlayer,2,777,Color.BLUE,2
60,2,2,ResourceHoarderPlayer,RandomPlayer,2,777,Color.BLUE,2
61,2,2,ResourceHoarderPlayer,RandomPlayer,2,777,Color.BLUE,2
62,2,2,ResourceHoarderPlayer,RandomPlayer,2,777,Color.BLUE,2
63,2,2,ResourceHoarderPlayer,RandomPlayer,2,777,Color.BLUE,2
64,2,2,ResourceHoarderPlayer,RandomPlayer,2,777,Color.BLUE,2
65,2,2,ResourceHoarderPlayer,RandomPlayer,2,777,Color.BLUE,2
66,2,2,ResourceHoarderPlayer,RandomPlayer,2,777,Color.BLUE,2
67,2,2,ResourceHoarderPlayer,RandomPlayer,2,777,Color.BLUE,2
68,2,2,ResourceHoarderPlayer,RandomPlayer,2,777,Color.BLUE,2
69,2,2,ResourceHoarderPlayer,RandomPlayer,2,777,Color.BLUE,2
70,2,2,ResourceHoarderPlayer,RandomPlayer,2,777,Color.BLUE,2
71,2,2,ResourceHoarderPlayer,RandomPlayer,2,777,Color.BLUE,2
72,2,2,ResourceHoarderPlayer,RandomPlayer,2,777,Color.BLUE,2
73,2,2,ResourceHoarderPlayer,RandomPlayer,2,777,Color.BLUE,2
74,2,2,ResourceHoarderPlayer,RandomPlayer,2,777,Color.BLUE,2
75,2,2,ResourceHoarderPlayer,RandomPlayer,2,777,Color.BLUE,2
76,2,2,ResourceHoarderPlayer,RandomPlayer,2,777,Color.BLUE,2
77,2,2,ResourceHoarderPlayer,RandomPlayer,2,777,Color.BLUE,2
78,2,2,ResourceHoarderPlayer,RandomPlayer,2,777,Color.BLUE,2
79,2,2,ResourceHoarderPlayer,RandomPlayer,2,777,Color.BLUE,2
80,2,2,ResourceHoarderPlayer,RandomPlayer,2,777,Color.BLUE,2
81,2,2,ResourceHoarderPlayer,RandomPlayer,2,777,Color.BLUE,2
82,2,2,ResourceHoarderPlayer,RandomPlayer,2,777,Color.BLUE,2
83,2,2,ResourceHoarderPlayer,RandomPlayer,2,777,Color.BLUE,2
84,2,2,ResourceHoarderPlayer,RandomPlayer,2,777,Color.BLUE,2
85,2,2,ResourceHoarderPlayer,RandomPlayer,2,777,Color.BLUE,2
86,2,2,ResourceHoarderPlayer,RandomPlayer,2,777,Color.BLUE,2
87,2,2,ResourceHoarderPlayer,RandomPlayer,2,777,Color.BLUE,2
88,2,2,ResourceHoarderPlayer,RandomPlayer,2,777,Color.BLUE,2
89,2,2,ResourceHoarderPlayer,RandomPlayer,2,777,Color.BLUE,2
90,2,2,ResourceHoarderPlayer,RandomPlayer,2,777,Color.BLUE,2
91,2,2,ResourceHoarderPlayer,RandomPlayer,2,777,Color.BLUE,2
92,2,2,ResourceHoarderPlayer,RandomPlayer,2,777,Color.BLUE,2
93,2,2,ResourceHoarderPlayer,RandomPlayer,2,777,Color.BLUE,2
94,2,2,ResourceHoarderPlayer,RandomPlayer,2,777,Color.BLUE,2
95,2,2,ResourceHoarderPlayer,RandomPlayer,2,777,Color.BLUE,2
96,2,2,ResourceHoarderPlayer,RandomPlayer,2,777,Color.BLUE,2
97,2,2,ResourceHoarderPlayer,RandomPlayer,2,777,Color.BLUE,2
98,2,2,ResourceHoarderPlayer,RandomPlayer,2,777,Color.BLUE,2
99,2,2,ResourceHoarderPlayer,RandomPlayer,2,777,Color.BLUE,2
100,2,2,ResourceHoarderPlayer,RandomPlayer,2,777,Color.BLUE,2
101,2,2,ResourceHoarderPlayer,RandomPlayer,2,777,Color.BLUE,2
102,2,2,ResourceHoarderPlayer,RandomPlayer,2,777,Color.BLUE,2
103,2,2,ResourceHoarderPlayer,RandomPlayer,2,777,Color.BLUE,2
104,2,2,ResourceHoarderPlayer,RandomPlayer,2,777,Color.BLUE,2
105,2,2,ResourceHoarderPlayer,RandomPlayer,2,777,Color.BLUE,2
106,2,2,ResourceHoarderPlayer,RandomPlayer,2,777,Color.BLUE,2
107,2,2,ResourceHoarderPlayer,RandomPlayer,2,777,Color.BLUE,2
108,2,2,ResourceHoarderPlayer,RandomPlayer,2,777,Color.BLUE,2
109,2,2,ResourceHoarderPlayer,RandomPlayer,2,777,Color.BLUE,2
110,2,2,ResourceHoarderPlayer,RandomPlayer,2,777,Color.BLUE,2
111,2,2,ResourceHoarderPlayer,RandomPlayer,2,777,Color.BLUE,2
112,2,2,ResourceHoarderPlayer,RandomPlayer,2,777,Color.BLUE,2
113,2,2,ResourceHoarderPlayer,RandomPlayer,2,777,Color.BLUE,2
114,2,2,ResourceHoarderPlayer,RandomPlayer,2,777,Color.BLUE,2
115,2,2,ResourceHoarderPlayer,RandomPlayer,2,777,Color.BLUE,2
116,2,2,ResourceHoarderPlayer,RandomPlayer,2,777,Color.BLUE,2
117,2,2,ResourceHoarderPlayer,RandomPlayer,2,777,Color.BLUE,2
118,2,2,ResourceHoarderPlayer,RandomPlayer,2,777,Color.BLUE,2
119,2,2,ResourceHoarderPlayer,RandomPlayer,2,777,Color.BLUE,2
120,2,2,ResourceHoarderPlayer,RandomPlayer,2,777,Color.BLUE,2
121,2,2,ResourceHoarderPlayer,RandomPlayer,2,777,Color.BLUE,2
122,2,2,ResourceHoarderPlayer,RandomPlayer,2,777,Color.BLUE,2
123,2,2,ResourceHoarderPlayer,RandomPlayer,2,777,Color.BLUE,2
124,2,2,ResourceHoarderPlayer,RandomPlayer,2,777,Color.BLUE,2
125,2,2,ResourceHoarderPlayer,RandomPlayer,2,777,Color.BLUE,2
126,2,2,ResourceHoarderPlayer,RandomPlayer,2,777,Color.BLUE,2
127,2,2,ResourceHoarderPlayer,RandomPlayer,2,777,Color.BLUE,2
128,2,2,ResourceHoarderPlayer,RandomPlayer,2,777,Color.BLUE,2
129,2,2,ResourceHoarderPlayer,RandomPlayer,2,777,Color.BLUE,2
130,2,4,ResourceHoarderPlayer,RandomPlayer,2,777,Color.BLUE,2
131,2,4,ResourceHoarderPlayer,RandomPlayer,2,777,Color.BLUE,2
132,2,4,ResourceHoarderPlayer,RandomPlayer,2,777,Color.BLUE,2
133,2,4,ResourceHoarderPlayer,RandomPlayer,2,777,Color.BLUE,2
134,2,4,ResourceHoarderPlayer,RandomPlayer,2,777,Color.BLUE,2
135,2,4,ResourceHoarderPlayer,RandomPlayer,2,777,Color.BLUE,2
136,2,4,ResourceHoarderPlayer,RandomPlayer,2,777,Color.BLUE,2
137,2,4,ResourceHoarderPlayer,RandomPlayer,2,777,Color.BLUE,2
138,2,4,ResourceHoarderPlayer,RandomPlayer,2,777,Color.BLUE,2
139,2,4,ResourceHoarderPlayer,RandomPlayer,2,777,Color.BLUE,2
140,2,4,ResourceHoarderPlayer,RandomPlayer,2,777,Color.BLUE,2
141,2,4,ResourceHoarderPlayer,RandomPlayer,2,777,Color.BLUE,2
142,2,4,ResourceHoarderPlayer,RandomPlayer,2,777,Color.BLUE,2
143,2,4,ResourceHoarderPlayer,RandomPlayer,2,777,Color.BLUE,2
144,2,4,ResourceHoarderPlayer,RandomPlayer,2,777,Color.BLUE,2
145,2,4,ResourceHoarderPlayer,RandomPlayer,2,777,Color.BLUE,2
146,2,4,ResourceHoarderPlayer,RandomPlayer,2,777,Color.BLUE,2
147,2,4,ResourceHoarderPlayer,RandomPlayer,2,777,Color.BLUE,2
148,2,4,ResourceHoarderPlayer,RandomPlayer,2,777,Color.BLUE,2
149,2,4,ResourceHoarderPlayer,RandomPlayer,2,777,Color.BLUE,2
150,2,4,ResourceHoarderPlayer,RandomPlayer,2,777,Color.BLUE,2
151,2,4,ResourceHoarderPlayer,RandomPlayer,2,777,Color.BLUE,2
152,2,4,ResourceHoarderPlayer,RandomPlayer,2,777,Color.BLUE,2
153,2,4,ResourceHoarderPlayer,RandomPlayer,2,777,Color.BLUE,2
154,2,4,ResourceHoarderPlayer,RandomPlayer,2,777,Color.BLUE,2
155,2,4,ResourceHoarderPlayer,RandomPlayer,2,777,Color.BLUE,2
156,2,4,ResourceHoarderPlayer,RandomPlayer,2,777,Color.BLUE,2
157,2,4,ResourceHoarderPlayer,RandomPlayer,2,777,Color.BLUE,2
158,2,4,ResourceHoarderPlayer,RandomPlayer,2,777,Color.BLUE,2
159,2,4,ResourceHoarderPlayer,RandomPlayer,2,777,Color.BLUE,2
160,2,4,ResourceHoarderPlayer,RandomPlayer,2,777,Color.BLUE,2
161,2,4,ResourceHoarderPlayer,RandomPlayer,2,777,Color.BLUE,2
162,2,4,ResourceHoarderPlayer,RandomPlayer,2,777,Color.BLUE,2
163,2,4,ResourceHoarderPlayer,RandomPlayer,2,777,Color.BLUE,2
164,2,4,ResourceHoarderPlayer,RandomPlayer,2,777,Color.BLUE,2
165,2,4,ResourceHoarderPlayer,RandomPlayer,2,777,Color.BLUE,2
166,2,4,ResourceHoarderPlayer,RandomPlayer,2,777,Color.BLUE,2
167,2,4,ResourceHoarderPlayer,RandomPlayer,2,777,Color.BLUE,2
168,2,4,ResourceHoarderPlayer,RandomPlayer,2,777,Color.BLUE,2
169,2,4,ResourceHoarderPlayer,RandomPlayer,2,777,Color.BLUE,2
170,2,4,ResourceHoarderPlayer,RandomPlayer,2,777,Color.BLUE,2
171,2,4,ResourceHoarderPlayer,RandomPlayer,2,777,Color.BLUE,2
172,2,4,ResourceHoarderPlayer,RandomPlayer,2,777,Color.BLUE,2
173,2,4,ResourceHoarderPlayer,RandomPlayer,2,777,Color.BLUE,2
174,2,4,ResourceHoarderPlayer,RandomPlayer,2,777,Color.BLUE,2
175,2,4,ResourceHoarderPlayer,RandomPlayer,2,777,Color.BLUE,2
176,2,4,ResourceHoarderPlayer,RandomPlayer,2,777,Color.BLUE,2
177,2,4,ResourceHoarderPlayer,RandomPlayer,2,777,Color.BLUE,2
178,2,4,ResourceHoarderPlayer,RandomPlayer,2,777,Color.BLUE,2
179,2,4,ResourceHoarderPlayer,RandomPlayer,2,777,Color.BLUE,2
180,2,4,ResourceHoarderPlayer,RandomPlayer,2,777,Color.BLUE,2
181,2,4,ResourceHoarderPlayer,RandomPlayer,2,777,Color.BLUE,2
182,2,4,ResourceHoarderPlayer,RandomPlayer,2,777,Color.BLUE,2
183,2,4,ResourceHoarderPlayer,RandomPlayer,2,777,Color.BLUE,2
184,2,4,ResourceHoarderPlayer,RandomPlayer,2,777,Color.BLUE,2
185,2,4,ResourceHoarderPlayer,RandomPlayer,2,777,Color.BLUE,2
186,2,4,ResourceHoarderPlayer,RandomPlayer,2,777,Color.BLUE,2
187,2,4,ResourceHoarderPlayer,RandomPlayer,2,777,Color.BLUE,2
188,2,4,ResourceHoarderPlayer,RandomPlayer,2,777,Color.BLUE,2
189,2,4,ResourceHoarderPlayer,RandomPlayer,2,777,Color.BLUE,2
190,2,4,ResourceHoarderPlayer,RandomPlayer,2,777,Color.BLUE,2
191,2,4,ResourceHoarderPlayer,RandomPlayer,2,777,Color.BLUE,2
192,2,4,ResourceHoarderPlayer,RandomPlayer,2,777,Color.BLUE,2
193,2,4,ResourceHoarderPlayer,RandomPlayer,2,777,Color.BLUE,2
194,2,4,ResourceHoarderPlayer,RandomPlayer,2,777,Color.BLUE,2
195,2,4,ResourceHoarderPlayer,RandomPlayer,2,777,Color.BLUE,2
196,2,4,ResourceHoarderPlayer,RandomPlayer,2,777,Color.BLUE,2
197,2,4,ResourceHoarderPlayer,RandomPlayer,2,777,Color.BLUE,2
198,2,4,ResourceHoarderPlayer,RandomPlayer,2,777,Color.BLUE,2
199,2,4,ResourceHoarderPlayer,RandomPlayer,2,777,Color.BLUE,2
200,2,4,ResourceHoarderPlayer,RandomPlayer,2,777,Color.BLUE,2
201,2,4,ResourceHoarderPlayer,RandomPlayer,2,777,Color.BLUE,2
202,2,4,ResourceHoarderPlayer,RandomPlayer,2,777,Color.BLUE,2
203,2,4,ResourceHoarderPlayer,RandomPlayer,2,777,Color.BLUE,2
204,2,4,ResourceHoarderPlayer,RandomPlayer,2,777,Color.BLUE,2
205,2,4,ResourceHoarderPlayer,RandomPlayer,2,777,Color.BLUE,2
206,2,4,ResourceHoarderPlayer,RandomPlayer,2,777,Color.BLUE,2
207,2,4,ResourceHoarderPlayer,RandomPlayer,2,777,Color.BLUE,2
208,2,4,ResourceHoarderPlayer,RandomPlayer,2,777,Color.BLUE,2
209,2,4,ResourceHoarderPlayer,RandomPlayer,2,777,Color.BLUE,2
210,2,4,ResourceHoarderPlayer,RandomPlayer,2,777,Color.BLUE,2
211,2,4,ResourceHoarderPlayer,RandomPlayer,2,777,Color.BLUE,2
212,2,4,ResourceHoarderPlayer,RandomPlayer,2,777,Color.BLUE,2
213,2,4,ResourceHoarderPlayer,RandomPlayer,2,777,Color.BLUE,2
214,2,4,ResourceHoarderPlayer,RandomPlayer,2,777,Color.BLUE,2
215,2,4,ResourceHoarderPlayer,RandomPlayer,2,777,Color.BLUE,2
216,2,4,ResourceHoarderPlayer,RandomPlayer,2,777,Color.BLUE,2
217,2,4,ResourceHoarderPlayer,RandomPlayer,2,777,Color.BLUE,2
218,2,4,ResourceHoarderPlayer,RandomPlayer,2,777,Color.BLUE,2
219,2,4,ResourceHoarderPlayer,RandomPlayer,2,777,Color.BLUE,2
220,2,4,ResourceHoarderPlayer,RandomPlayer,2,777,Color.BLUE,2
221,2,4,ResourceHoarderPlayer,RandomPlayer,2,777,Color.BLUE,2
222,2,4,ResourceHoarderPlayer,RandomPlayer,2,777,Color.BLUE,2
223,2,4,ResourceHoarderPlayer,RandomPlayer,2,777,Color.BLUE,2
224,2,4,ResourceHoarderPlayer,RandomPlayer,2,777,Color.BLUE,2
225,2,4,ResourceHoarderPlayer,RandomPlayer,2,777,Color.BLUE,2
226,2,4,ResourceHoarderPlayer,RandomPlayer,2,777,Color.BLUE,2
227,2,4,ResourceHoarderPlayer,RandomPlayer,2,777,Color.BLUE,2
228,2,4,ResourceHoarderPlayer,RandomPlayer,2,777,Color.BLUE,2
229,2,4,ResourceHoarderPlayer,RandomPlayer,2,777,Color.BLUE,2
230,2,4,ResourceHoarderPlayer,RandomPlayer,2,777,Color.BLUE,2
231,2,4,ResourceHoarderPlayer,RandomPlayer,2,777,Color.BLUE,2
232,2,4,ResourceHoarderPlayer,RandomPlayer,2,777,Color.BLUE,2
233,2,4,ResourceHoarderPlayer,RandomPlayer,2,777,Color.BLUE,2
234,2,4,ResourceHoarderPlayer,RandomPlayer,2,777,Color.BLUE,2
235,2,4,ResourceHoarderPlayer,RandomPlayer,2,777,Color.BLUE,2
236,2,4,ResourceHoarderPlayer,RandomPlayer,2,777,Color.BLUE,2
237,2,4,ResourceHoarderPlayer,RandomPlayer,2,777,Color.BLUE,2
238,2,4,ResourceHoarderPlayer,RandomPlayer,2,777,Color.BLUE,2
239,2,4,ResourceHoarderPlayer,RandomPlayer,2,777,Color.BLUE,2
240,2,4,ResourceHoarderPlayer,RandomPlayer,2,777,Color.BLUE,2
241,2,4,ResourceHoarderPlayer,RandomPlayer,2,777,Color.BLUE,2
242,2,4,ResourceHoarderPlayer,RandomPlayer,2,777,Color.BLUE,2
243,2,4,ResourceHoarderPlayer,RandomPlayer,2,777,Color.BLUE,2
244,2,4,ResourceHoarderPlayer,RandomPlayer,2,777,Color.BLUE,2
245,2,4,ResourceHoarderPlayer,RandomPlayer,2,777,Color.BLUE,2
246,2,4,ResourceHoarderPlayer,RandomPlayer,2,777,Color.BLUE,2
247,2,4,ResourceHoarderPlayer,RandomPlayer,2,777,Color.BLUE,2
248,2,4,ResourceHoarderPlayer,RandomPlayer,2,777,Color.BLUE,2
249,2,4,ResourceHoarderPlayer,RandomPlayer,2,777,Color.BLUE,2
250,2,4,ResourceHoarderPlayer,RandomPlayer,2,777,Color.BLUE,2
251,2,4,ResourceHoarderPlayer,RandomPlayer,2,777,Color.BLUE,2
252,2,4,ResourceHoarderPlayer,RandomPlayer,2,777,Color.BLUE,2
253,2,4,ResourceHoarderPlayer,RandomPlayer,2,777,Color.BLUE,2
254,2,4,ResourceHoarderPlayer,RandomPlayer,2,777,Color.BLUE,2
255,2,5,ResourceHoarderPlayer,RandomPlayer,2,777,Color.BLUE,2
256,2,5,ResourceHoarderPlayer,RandomPlayer,2,777,Color.BLUE,2
257,2,5,ResourceHoarderPlayer,RandomPlayer,2,777,Color.BLUE,2
258,2,5,ResourceHoarderPlayer,RandomPlayer,2,777,Color.BLUE,2
259,2,5,ResourceHoarderPlayer,RandomPlayer,2,777,Color.BLUE,2
260,2,5,ResourceHoarderPlayer,RandomPlayer,2,777,Color.BLUE,2
261,2,5,ResourceHoarderPlayer,RandomPlayer,2,777,Color.BLUE,2
262,2,5,ResourceHoarderPlayer,RandomPlayer,2,777,Color.BLUE,2
263,2,5,ResourceHoarderPlayer,RandomPlayer,2,777,Color.BLUE,2
264,2,5,ResourceHoarderPlayer,RandomPlayer,2,777,Color.BLUE,2
265,2,5,ResourceHoarderPlayer,RandomPlayer,2,777,Color.BLUE,2
266,2,5,ResourceHoarderPlayer,RandomPlayer,2,777,Color.BLUE,2
267,2,5,ResourceHoarderPlayer,RandomPlayer,2,777,Color.BLUE,2
268,2,5,ResourceHoarderPlayer,RandomPlayer,2,777,Color.BLUE,2
269,2,5,ResourceHoarderPlayer,RandomPlayer,2,777,Color.BLUE,2
270,2,5,ResourceHoarderPlayer,RandomPlayer,2,777,Color.BLUE,2
271,2,5,ResourceHoarderPlayer,RandomPlayer,2,777,Color.BLUE,2
272,2,5,ResourceHoarderPlayer,RandomPlayer,2,777,Color.BLUE,2
273,2,5,ResourceHoarderPlayer,RandomPlayer,2,777,Color.BLUE,2
274,2,5,ResourceHoarderPlayer,RandomPlayer,2,777,Color.BLUE,2
275,2,5,ResourceHoarderPlayer,RandomPlayer,2,777,Color.BLUE,2
276,2,5,ResourceHoarderPlayer,RandomPlayer,2,777,Color.BLUE,2
277,2,5,ResourceHoarderPlayer,RandomPlayer,2,777,Color.BLUE,2
278,2,5,ResourceHoarderPlayer,RandomPlayer,2,777,Color.BLUE,2
279,2,5,ResourceHoarderPlayer,RandomPlayer,2,777,Color.BLUE,2
280,2,5,ResourceHoarderPlayer,RandomPlayer,2,777,Color.BLUE,2
281,2,5,ResourceHoarderPlayer,RandomPlayer,2,777,Color.BLUE,2
282,2,5,ResourceHoarderPlayer,RandomPlayer,2,777,Color.BLUE,2
283,2,5,ResourceHoarderPlayer,RandomPlayer,2,777,Color.BLUE,2
284,2,5,ResourceHoarderPlayer,RandomPlayer,2,777,Color.BLUE,2
285,2,5,ResourceHoarderPlayer,RandomPlayer,2,777,Color.BLUE,2
286,2,5,ResourceHoarderPlayer,RandomPlayer,2,777,Color.BLUE,2
287,2,5,ResourceHoarderPlayer,RandomPlayer,2,777,Color.BLUE,2
288,2,5,ResourceHoarderPlayer,RandomPlayer,2,777,Color.BLUE,2
289,2,5,ResourceHoarderPlayer,RandomPlayer,2,777,Color.BLUE,2
290,2,5,ResourceHoarderPlayer,RandomPlayer,2,777,Color.BLUE,2
291,2,5,ResourceHoarderPlayer,RandomPlayer,2,777,Color.BLUE,2
292,2,5,ResourceHoarderPlayer,RandomPlayer,2,777,Color.BLUE,2
293,2,5,ResourceHoarderPlayer,RandomPlayer,2,777,Color.BLUE,2
294,2,5,ResourceHoarderPlayer,RandomPlayer,2,777,Color.BLUE,2
295,2,5,ResourceHoarderPlayer,RandomPlayer,2,777,Color.BLUE,2
296,2,5,ResourceHoarderPlayer,RandomPlayer,2,777,Color.BLUE,2
297,2,5,ResourceHoarderPlayer,RandomPlayer,2,777,Color.BLUE,2
298,2,5,ResourceHoarderPlayer,RandomPlayer,2,777,Color.BLUE,2
299,2,5,ResourceHoarderPlayer,RandomPlayer,2,777,Color.BLUE,2
300,2,5,ResourceHoarderPlayer,RandomPlayer,2,777,Color.BLUE,2
301,2,5,ResourceHoarderPlayer,RandomPlayer,2,777,Color.BLUE,2
302,2,5,ResourceHoarderPlayer,RandomPlayer,2,777,Color.BLUE,2
303,2,5,ResourceHoarderPlayer,RandomPlayer,2,777,Color.BLUE,2
304,2,5,ResourceHoarderPlayer,RandomPlayer,2,777,Color.BLUE,2
305,2,5,ResourceHoarderPlayer,RandomPlayer,2,777,Color.BLUE,2
306,2,5,ResourceHoarderPlayer,RandomPlayer,2,777,Color.BLUE,2
307,2,5,ResourceHoarderPlayer,RandomPlayer,2,777,Color.BLUE,2
308,2,5,ResourceHoarderPlayer,RandomPlayer,2,777,Color.BLUE,2
309,2,5,ResourceHoarderPlayer,RandomPlayer,2,777,Color.BLUE,2
310,2,5,ResourceHoarderPlayer,RandomPlayer,2,777,Color.BLUE,2
311,2,5,ResourceHoarderPlayer,RandomPlayer,2,777,Color.BLUE,2
312,2,5,ResourceHoarderPlayer,RandomPlayer,2,777,Color.BLUE,2
313,2,5,ResourceHoarderPlayer,RandomPlayer,2,777,Color.BLUE,2
314,2,5,ResourceHoarderPlayer,RandomPlayer,2,777,Color.BLUE,2
315,2,5,ResourceHoarderPlayer,RandomPlayer,2,777,Color.BLUE,2
316,2,5,ResourceHoarderPlayer,RandomPlayer,2,777,Color.BLUE,2
317,2,5,ResourceHoarderPlayer,RandomPlayer,2,777,Color.BLUE,2
318,2,5,ResourceHoarderPlayer,RandomPlayer,2,777,Color.BLUE,2
319,2,5,ResourceHoarderPlayer,RandomPlayer,2,777,Color.BLUE,2
320,2,5,ResourceHoarderPlayer,RandomPlayer,2,777,Color.BLUE,2
321,2,5,ResourceHoarderPlayer,RandomPlayer,2,777,Color.BLUE,2
322,2,5,ResourceHoarderPlayer,RandomPlayer,2,777,Color.BLUE,2
323,2,5,ResourceHoarderPlayer,RandomPlayer,2,777,Color.BLUE,2
324,2,5,ResourceHoarderPlayer,RandomPlayer,2,777,Color.BLUE,2
325,2,5,ResourceHoarderPlayer,RandomPlayer,2,777,Color.BLUE,2
326,2,5,ResourceHoarderPlayer,RandomPlayer,2,777,Color.BLUE,2
327,2,5,ResourceHoarderPlayer,RandomPlayer,2,777,Color.BLUE,2
328,2,5,ResourceHoarderPlayer,RandomPlayer,2,777,Color.BLUE,2
329,2,5,ResourceHoarderPlayer,RandomPlayer,2,777,Color.BLUE,2
330,2,5,ResourceHoarderPlayer,RandomPlayer,2,777,Color.BLUE,2
331,2,5,ResourceHoarderPlayer,RandomPlayer,2,777,Color.BLUE,2
332,2,5,ResourceHoarderPlayer,RandomPlayer,2,777,Color.BLUE,2
333,2,5,ResourceHoarderPlayer,RandomPlayer,2,777,Color.BLUE,2
334,2,5,ResourceHoarderPlayer,RandomPlayer,2,777,Color.BLUE,2
335,2,5,ResourceHoarderPlayer,RandomPlayer,2,777,Color.BLUE,2
336,2,5,ResourceHoarderPlayer,RandomPlayer,2,777,Color.BLUE,2
337,2,5,ResourceHoarderPlayer,RandomPlayer,2,777,Color.BLUE,2
338,2,5,ResourceHoarderPlayer,RandomPlayer,2,777,Color.BLUE,2
339,2,5,ResourceHoarderPlayer,RandomPlayer,2,777,Color.BLUE,2
340,2,5,ResourceHoarderPlayer,RandomPlayer,2,777,Color.BLUE,2
341,2,5,ResourceHoarderPlayer,RandomPlayer,2,777,Color.BLUE,2
342,2,5,ResourceHoarderPlayer,RandomPlayer,2,777,Color.BLUE,2
343,2,5,ResourceHoarderPlayer,RandomPlayer,2,777,Color.BLUE,2
344,2,5,ResourceHoarderPlayer,RandomPlayer,2,777,Color.BLUE,2
345,2,5,ResourceHoarderPlayer,RandomPlayer,2,777,Color.BLUE,2
346,2,5,ResourceHoarderPlayer,RandomPlayer,2,777,Color.BLUE,2
347,2,5,ResourceHoarderPlayer,RandomPlayer,2,777,Color.BLUE,2
348,2,5,ResourceHoarderPlayer,RandomPlayer,2,777,Color.BLUE,2
349,2,5,ResourceHoarderPlayer,RandomPlayer,2,777,Color.BLUE,2
350,2,5,ResourceHoarderPlayer,RandomPlayer,2,777,Color.BLUE,2
351,2,5,ResourceHoarderPlayer,RandomPlayer,2,777,Color.BLUE,2
352,2,5,ResourceHoarderPlayer,RandomPlayer,2,777,Color.BLUE,2
353,2,5,ResourceHoarderPlayer,RandomPlayer,2,777,Color.BLUE,2
354,2,5,ResourceHoarderPlayer,RandomPlayer,2,777,Color.BLUE,2
355,2,5,ResourceHoarderPlayer,RandomPlayer,2,777,Color.BLUE,2
356,2,5,ResourceHoarderPlayer,RandomPlayer,2,777,Color.BLUE,2
357,2,5,ResourceHoarderPlayer,RandomPlayer,2,777,Color.BLUE,2
358,2,5,ResourceHoarderPlayer,RandomPlayer,2,777,Color.BLUE,2
359,2,5,ResourceHoarderPlayer,RandomPlayer,2,777,Color.BLUE,2
360,2,5,ResourceHoarderPlayer,RandomPlayer,2,777,Color.BLUE,2
361,2,5,ResourceHoarderPlayer,RandomPlayer,2,777,Color.BLUE,2
362,2,5,ResourceHoarderPlayer,RandomPlayer,2,777,Color.BLUE,2
363,2,5,ResourceHoarderPlayer,RandomPlayer,2,777,Color.BLUE,2
364,2,5,ResourceHoarderPlayer,RandomPlayer,2,777,Color.BLUE,2
365,2,5,ResourceHoarderPlayer,RandomPlayer,2,777,Color.BLUE,2
366,2,5,ResourceHoarderPlayer,RandomPlayer,2,777,Color.BLUE,2
367,2,5,ResourceHoarderPlayer,RandomPlayer,2,777,Color.BLUE,2
368,2,5,ResourceHoarderPlayer,RandomPlayer,2,777,Color.BLUE,2
369,2,5,ResourceHoarderPlayer,RandomPlayer,2,777,Color.BLUE,2
370,2,5,ResourceHoarderPlayer,RandomPlayer,2,777,Color.BLUE,2
371,2,5,ResourceHoarderPlayer,RandomPlayer,2,777,Color.BLUE,2
372,2,5,ResourceHoarderPlayer,RandomPlayer,2,777,Color.BLUE,2
373,2,5,ResourceHoarderPlayer,RandomPlayer,2,777,Color.BLUE,2
374,2,5,ResourceHoarderPlayer,RandomPlayer,2,777,Color.BLUE,2
375,2,5,ResourceHoarderPlayer,RandomPlayer,2,777,Color.BLUE,2
376,2,5,ResourceHoarderPlayer,RandomPlayer,2,777,Color.BLUE,2
377,2,5,ResourceHoarderPlayer,RandomPlayer,2,777,Color.BLUE,2
378,2,5,ResourceHoarderPlayer,RandomPlayer,2,777,Color.BLUE,2
379,2,5,ResourceHoarderPlayer,RandomPlayer,2,777,Color.BLUE,2
380,2,5,ResourceHoarderPlayer,RandomPlayer,2,777,Color.BLUE,2
381,2,5,ResourceHoarderPlayer,RandomPlayer,2,777,Color.BLUE,2
382,2,5,ResourceHoarderPlayer,RandomPlayer,2,777,Color.BLUE,2
383,2,5,ResourceHoarderPlayer,RandomPlayer,2,777,Color.BLUE,2
384,2,5,ResourceHoarderPlayer,RandomPlayer,2,777,Color.BLUE,2
385,2,5,ResourceHoarderPlayer,RandomPlayer,2,777,Color.BLUE,2
386,2,5,ResourceHoarderPlayer,RandomPlayer,2,777,Color.BLUE,2
387,2,5,ResourceHoarderPlayer,RandomPlayer,2,777,Color.BLUE,2
388,2,5,ResourceHoarderPlayer,RandomPlayer,2,777,Color.BLUE,2
389,2,5,ResourceHoarderPlayer,RandomPlayer,2,777,Color.BLUE,2
390,2,5,ResourceHoarderPlayer,RandomPlayer,2,777,Color.BLUE,2
391,2,5,ResourceHoarderPlayer,RandomPlayer,2,777,Color.BLUE,2
392,2,5,ResourceHoarderPlayer,RandomPlayer,2,777,Color.BLUE,2
393,2,5,ResourceHoarderPlayer,RandomPlayer,2,777,Color.BLUE,2
394,2,5,ResourceHoarderPlayer,RandomPlayer,2,777,Color.BLUE,2
395,2,5,ResourceHoarderPlayer,RandomPlayer,2,777,Color.BLUE,2
396,2,5,ResourceHoarderPlayer,RandomPlayer,2,777,Color.BLUE,2
397,2,5,ResourceHoarderPlayer,RandomPlayer,2,777,Color.BLUE,2
398,2,5,ResourceHoarderPlayer,RandomPlayer,2,777,Color.BLUE,2
399,2,5,ResourceHoarderPlayer,RandomPlayer,2,777,Color.BLUE,2
400,2,5,ResourceHoarderPlayer,RandomPlayer,2,777,Color.BLUE,2
401,2,5,ResourceHoarderPlayer,RandomPlayer,2,777,Color.BLUE,2
402,2,5,ResourceHoarderPlayer,RandomPlayer,2,777,Color.BLUE,2
403,2,5,ResourceHoarderPlayer,RandomPlayer,2,777,Color.BLUE,2
404,2,5,ResourceHoarderPlayer,RandomPlayer,2,777,Color.BLUE,2
405,2,5,ResourceHoarderPlayer,RandomPlayer,2,777,Color.BLUE,2
406,2,5,ResourceHoarderPlayer,RandomPlayer,2,777,Color.BLUE,2
407,2,5,ResourceHoarderPlayer,RandomPlayer,2,777,Color.BLUE,2
408,2,5,ResourceHoarderPlayer,RandomPlayer,2,777,Color.BLUE,2
409,2,5,ResourceHoarderPlayer,RandomPlayer,2,777,Color.BLUE,2
410,2,5,ResourceHoarderPlayer,RandomPlayer,2,777,Color.BLUE,2
411,2,5,ResourceHoarderPlayer,RandomPlayer,2,777,Color.BLUE,2
412,2,5,ResourceHoarderPlayer,RandomPlayer,2,777,Color.BLUE,2
413,2,5,ResourceHoarderPlayer,RandomPlayer,2,777,Color.BLUE,2
414,2,5,ResourceHoarderPlayer,RandomPlayer,2,777,Color.BLUE,2
415,2,6,ResourceHoarderPlayer,RandomPlayer,2,777,Color.BLUE,2
416,2,6,ResourceHoarderPlayer,RandomPlayer,2,777,Color.BLUE,2
417,2,6,ResourceHoarderPlayer,RandomPlayer,2,777,Color.BLUE,2
418,2,6,ResourceHoarderPlayer,RandomPlayer,2,777,Color.BLUE,2
419,2,6,ResourceHoarderPlayer,RandomPlayer,2,777,Color.BLUE,2
420,2,6,ResourceHoarderPlayer,RandomPlayer,2,777,Color.BLUE,2
421,2,6,ResourceHoarderPlayer,RandomPlayer,2,777,Color.BLUE,2
422,2,6,ResourceHoarderPlayer,RandomPlayer,2,777,Color.BLUE,2
423,2,6,ResourceHoarderPlayer,RandomPlayer,2,777,Color.BLUE,2
424,2,6,ResourceHoarderPlayer,RandomPlayer,2,777,Color.BLUE,2
425,2,6,ResourceHoarderPlayer,RandomPlayer,2,777,Color.BLUE,2
426,2,6,ResourceHoarderPlayer,RandomPlayer,2,777,Color.BLUE,2
427,2,6,ResourceHoarderPlayer,RandomPlayer,2,777,Color.BLUE,2
428,2,6,ResourceHoarderPlayer,RandomPlayer,2,777,Color.BLUE,2
429,2,6,ResourceHoarderPlayer,RandomPlayer,2,777,Color.BLUE,2
430,2,6,ResourceHoarderPlayer,RandomPlayer,2,777,Color.BLUE,2
431,2,6,ResourceHoarderPlayer,RandomPlayer,2,777,Color.BLUE,2
432,2,6,ResourceHoarderPlayer,RandomPlayer,2,777,Color.BLUE,2
433,2,6,ResourceHoarderPlayer,RandomPlayer,2,777,Color.BLUE,2
434,2,6,ResourceHoarderPlayer,RandomPlayer,2,777,Color.BLUE,2
435,2,6,ResourceHoarderPlayer,RandomPlayer,2,777,Color.BLUE,2
436,2,6,ResourceHoarderPlayer,RandomPlayer,2,777,Color.BLUE,2
437,2,6,ResourceHoarderPlayer,RandomPlayer,2,777,Color.BLUE,2
438,2,6,ResourceHoarderPlayer,RandomPlayer,2,777,Color.BLUE,2
439,2,6,ResourceHoarderPlayer,RandomPlayer,2,777,Color.BLUE,2
440,2,6,ResourceHoarderPlayer,RandomPlayer,2,777,Color.BLUE,2
441,2,6,ResourceHoarderPlayer,RandomPlayer,2,777,Color.BLUE,2
442,2,6,ResourceHoarderPlayer,RandomPlayer,2,777,Color.BLUE,2
443,2,6,ResourceHoarderPlayer,RandomPlayer,2,777,Color.BLUE,2
444,2,6,ResourceHoarderPlayer,RandomPlayer,2,777,Color.BLUE,2
445,2,6,ResourceHoarderPlayer,RandomPlayer,2,777,Color.BLUE,2
446,2,6,ResourceHoarderPlayer,RandomPlayer,2,777,Color.BLUE,2
447,2,6,ResourceHoarderPlayer,RandomPlayer,2,777,Color.BLUE,2
448,2,6,ResourceHoarderPlayer,RandomPlayer,2,777,Color.BLUE,2
449,2,6,ResourceHoarderPlayer,RandomPlayer,2,777,Color.BLUE,2
450,2,6,ResourceHoarderPlayer,RandomPlayer,2,777,Color.BLUE,2
451,2,6,ResourceHoarderPlayer,RandomPlayer,2,777,Color.BLUE,2
452,2,6,ResourceHoarderPlayer,RandomPlayer,2,777,Color.BLUE,2
453,2,6,ResourceHoarderPlayer,RandomPlayer,2,777,Color.BLUE,2
454,2,6,ResourceHoarderPlayer,RandomPlayer,2,777,Color.BLUE,2
455,2,6,ResourceHoarderPlayer,RandomPlayer,2,777,Color.BLUE,2
456,2,6,ResourceHoarderPlayer,RandomPlayer,2,777,Color.BLUE,2
457,2,6,ResourceHoarderPlayer,RandomPlayer,2,777,Color.BLUE,2
458,2,6,ResourceHoarderPlayer,RandomPlayer,2,777,Color.BLUE,2
459,2,6,ResourceHoarderPlayer,RandomPlayer,2,777,Color.BLUE,2
460,2,6,ResourceHoarderPlayer,RandomPlayer,2,777,Color.BLUE,2
461,2,6,ResourceHoarderPlayer,RandomPlayer,2,777,Color.BLUE,2
462,2,6,ResourceHoarderPlayer,RandomPlayer,2,777,Color.BLUE,2
463,2,6,ResourceHoarderPlayer,RandomPlayer,2,777,Color.BLUE,2
464,2,6,ResourceHoarderPlayer,RandomPlayer,2,777,Color.BLUE,2
465,2,6,ResourceHoarderPlayer,RandomPlayer,2,777,Color.BLUE,2
466,2,6,ResourceHoarderPlayer,RandomPlayer,2,777,Color.BLUE,2
467,2,6,ResourceHoarderPlayer,RandomPlayer,2,777,Color.BLUE,2
468,2,6,ResourceHoarderPlayer,RandomPlayer,2,777,Color.BLUE,2
469,2,6,ResourceHoarderPlayer,RandomPlayer,2,777,Color.BLUE,2
470,2,6,ResourceHoarderPlayer,RandomPlayer,2,777,Color.BLUE,2
471,2,6,ResourceHoarderPlayer,RandomPlayer,2,777,Color.BLUE,2
472,2,6,ResourceHoarderPlayer,RandomPlayer,2,777,Color.BLUE,2
473,2,6,ResourceHoarderPlayer,RandomPlayer,2,777,Color.BLUE,2
474,2,6,ResourceHoarderPlayer,RandomPlayer,2,777,Color.BLUE,2
475,2,6,ResourceHoarderPlayer,RandomPlayer,2,777,Color.BLUE,2
476,2,6,ResourceHoarderPlayer,RandomPlayer,2,777,Color.BLUE,2
477,2,6,ResourceHoarderPlayer,RandomPlayer,2,777,Color.BLUE,2
478,2,6,ResourceHoarderPlayer,RandomPlayer,2,777,Color.BLUE,2
479,2,6,ResourceHoarderPlayer,RandomPlayer,2,777,Color.BLUE,2
480,2,6,ResourceHoarderPlayer,RandomPlayer,2,777,Color.BLUE,2
481,2,6,ResourceHoarderPlayer,RandomPlayer,2,777,Color.BLUE,2
482,2,6,ResourceHoarderPlayer,RandomPlayer,2,777,Color.BLUE,2
483,2,6,ResourceHoarderPlayer,RandomPlayer,2,777,Color.BLUE,2
484,2,6,ResourceHoarderPlayer,RandomPlayer,2,777,Color.BLUE,2
485,2,6,ResourceHoarderPlayer,RandomPlayer,2,777,Color.BLUE,2
486,2,6,ResourceHoarderPlayer,RandomPlayer,2,777,Color.BLUE,2
487,2,6,ResourceHoarderPlayer,RandomPlayer,2,777,Color.BLUE,2
488,2,6,ResourceHoarderPlayer,RandomPlayer,2,777,Color.BLUE,2
489,2,6,ResourceHoarderPlayer,RandomPlayer,2,777,Color.BLUE,2
490,2,6,ResourceHoarderPlayer,RandomPlayer,2,777,Color.BLUE,2
491,2,6,ResourceHoarderPlayer,RandomPlayer,2,777,Color.BLUE,2
492,2,6,ResourceHoarderPlayer,RandomPlayer,2,777,Color.BLUE,2
493,2,6,ResourceHoarderPlayer,RandomPlayer,2,777,Color.BLUE,2
494,2,6,ResourceHoarderPlayer,RandomPlayer,2,777,Color.BLUE,2
495,2,6,ResourceHoarderPlayer,RandomPlayer,2,777,Color.BLUE,2
496,2,6,ResourceHoarderPlayer,RandomPlayer,2,777,Color.BLUE,2
497,2,6,ResourceHoarderPlayer,RandomPlayer,2,777,Color.BLUE,2
498,2,6,ResourceHoarderPlayer,RandomPlayer,2,777,Color.BLUE,2
499,2,6,ResourceHoarderPlayer,RandomPlayer,2,777,Color.BLUE,2
500,2,6,ResourceHoarderPlayer,RandomPlayer,2,777,Color.BLUE,2
501,2,6,ResourceHoarderPlayer,RandomPlayer,2,777,Color.BLUE,2
502,2,6,ResourceHoarderPlayer,RandomPlayer,2,777,Color.BLUE,2
503,2,6,ResourceHoarderPlayer,RandomPlayer,2,777,Color.BLUE,2
504,2,6,ResourceHoarderPlayer,RandomPlayer,2,777,Color.BLUE,2
505,2,6,ResourceHoarderPlayer,RandomPlayer,2,777,Color.BLUE,2
506,2,6,ResourceHoarderPlayer,RandomPlayer,2,777,Color.BLUE,2
507,2,6,ResourceHoarderPlayer,RandomPlayer,2,777,Color.BLUE,2
508,2,6,ResourceHoarderPlayer,RandomPlayer,2,777,Color.BLUE,2
509,2,6,ResourceHoarderPlayer,RandomPlayer,2,777,Color.BLUE,2
510,2,6,ResourceHoarderPlayer,RandomPlayer,2,777,Color.BLUE,2
511,2,6,ResourceHoarderPlayer,RandomPlayer,2,777,Color.BLUE,2
512,2,6,ResourceHoarderPlayer,RandomPlayer,2,777,Color.BLUE,2
513,2,6,ResourceHoarderPlayer,RandomPlayer,2,777,Color.BLUE,2
514,2,6,ResourceHoarderPlayer,RandomPlayer,2,777,Color.BLUE,2
515,2,6,ResourceHoarderPlayer,RandomPlayer,2,777,Color.BLUE,2
516,2,6,ResourceHoarderPlayer,RandomPlayer,2,777,Color.BLUE,2
517,2,6,ResourceHoarderPlayer,RandomPlayer,2,777,Color.BLUE,2
518,2,6,ResourceHoarderPlayer,RandomPlayer,2,777,Color.BLUE,2
519,2,6,ResourceHoarderPlayer,RandomPlayer,2,777,Color.BLUE,2
520,2,6,ResourceHoarderPlayer,RandomPlayer,2,777,Color.BLUE,2
521,2,6,ResourceHoarderPlayer,RandomPlayer,2,777,Color.BLUE,2
522,2,6,ResourceHoarderPlayer,RandomPlayer,2,777,Color.BLUE,2
523,2,6,ResourceHoarderPlayer,RandomPlayer,2,777,Color.BLUE,2
524,2,6,ResourceHoarderPlayer,RandomPlayer,2,777,Color.BLUE,2
525,2,6,ResourceHoarderPlayer,RandomPlayer,2,777,Color.BLUE,2
526,2,6,ResourceHoarderPlayer,RandomPlayer,2,777,Color.BLUE,2
527,2,6,ResourceHoarderPlayer,RandomPlayer,2,777,Color.BLUE,2
528,2,6,ResourceHoarderPlayer,RandomPlayer,2,777,Color.BLUE,2
529,2,6,ResourceHoarderPlayer,RandomPlayer,2,777,Color.BLUE,2
530,2,6,ResourceHoarderPlayer,RandomPlayer,2,777,Color.BLUE,2
531,2,6,ResourceHoarderPlayer,RandomPlayer,2,777,Color.BLUE,2
532,2,6,ResourceHoarderPlayer,RandomPlayer,2,777,Color.BLUE,2
533,2,6,ResourceHoarderPlayer,RandomPlayer,2,777,Color.BLUE,2
534,2,6,ResourceHoarderPlayer,RandomPlayer,2,777,Color.BLUE,2
535,2,6,ResourceHoarderPlayer,RandomPlayer,2,777,Color.BLUE,2
536,2,6,ResourceHoarderPlayer,RandomPlayer,2,777,Color.BLUE,2
537,2,6,ResourceHoarderPlayer,RandomPlayer,2,777,Color.BLUE,2
538,2,6,ResourceHoarderPlayer,RandomPlayer,2,777,Color.BLUE,2
539,2,6,ResourceHoarderPlayer,RandomPlayer,2,777,Color.BLUE,2
540,2,6,ResourceHoarderPlayer,RandomPlayer,2,777,Color.BLUE,2
541,2,6,ResourceHoarderPlayer,RandomPlayer,2,777,Color.BLUE,2
542,2,6,ResourceHoarderPlayer,RandomPlayer,2,777,Color.BLUE,2
543,2,6,ResourceHoarderPlayer,RandomPlayer,2,777,Color.BLUE,2
544,2,6,ResourceHoarderPlayer,RandomPlayer,2,777,Color.BLUE,2
545,2,6,ResourceHoarderPlayer,RandomPlayer,2,777,Color.BLUE,2
546,2,6,ResourceHoarderPlayer,RandomPlayer,2,777,Color.BLUE,2
547,2,6,ResourceHoarderPlayer,RandomPlayer,2,777,Color.BLUE,2
548,2,6,ResourceHoarderPlayer,RandomPlayer,2,777,Color.BLUE,2
549,2,6,ResourceHoarderPlayer,RandomPlayer,2,777,Color.BLUE,2
550,2,6,ResourceHoarderPlayer,RandomPlayer,2,777,Color.BLUE,2
551,2,6,ResourceHoarderPlayer,RandomPlayer,2,777,Color.BLUE,2
552,2,6,ResourceHoarderPlayer,RandomPlayer,2,777,Color.BLUE,2
553,2,6,ResourceHoarderPlayer,RandomPlayer,2,777,Color.BLUE,2
554,2,6,ResourceHoarderPlayer,RandomPlayer,2,777,Color.BLUE,2
555,2,6,ResourceHoarderPlayer,RandomPlayer,2,777,Color.BLUE,2
556,2,6,ResourceHoarderPlayer,RandomPlayer,2,777,Color.BLUE,2
557,2,6,ResourceHoarderPlayer,RandomPlayer,2,777,Color.BLUE,2
558,2,6,ResourceHoarderPlayer,RandomPlayer,2,777,Color.BLUE,2
559,2,6,ResourceHoarderPlayer,RandomPlayer,2,777,Color.BLUE,2
560,2,6,ResourceHoarderPlayer,RandomPlayer,2,777,Color.BLUE,2
561,2,6,ResourceHoarderPlayer,RandomPlayer,2,777,Color.BLUE,2
562,2,6,ResourceHoarderPlayer,RandomPlayer,2,777,Color.BLUE,2
563,2,6,ResourceHoarderPlayer,RandomPlayer,2,777,Color.BLUE,2
564,2,6,ResourceHoarderPlayer,RandomPlayer,2,777,Color.BLUE,2
565,2,6,ResourceHoarderPlayer,RandomPlayer,2,777,Color.BLUE,2
566,2,6,ResourceHoarderPlayer,RandomPlayer,2,777,Color.BLUE,2
567,2,6,ResourceHoarderPlayer,RandomPlayer,2,777,Color.BLUE,2
568,2,6,ResourceHoarderPlayer,RandomPlayer,2,777,Color.BLUE,2
569,2,6,ResourceHoarderPlayer,RandomPlayer,2,777,Color.BLUE,2
570,2,6,ResourceHoarderPlayer,RandomPlayer,2,777,Color.BLUE,2
571,2,6,ResourceHoarderPlayer,RandomPlayer,2,777,Color.BLUE,2
572,2,6,ResourceHoarderPlayer,RandomPlayer,2,777,Color.BLUE,2
573,2,6,ResourceHoarderPlayer,RandomPlayer,2,777,Color.BLUE,2
574,2,6,ResourceHoarderPlayer,RandomPlayer,2,777,Color.BLUE,2
575,2,6,ResourceHoarderPlayer,RandomPlayer,2,777,Color.BLUE,2
576,2,6,ResourceHoarderPlayer,RandomPlayer,2,777,Color.BLUE,2
577,2,6,ResourceHoarderPlayer,RandomPlayer,2,777,Color.BLUE,2
578,2,6,ResourceHoarderPlayer,RandomPlayer,2,777,Color.BLUE,2
579,2,6,ResourceHoarderPlayer,RandomPlayer,2,777,Color.BLUE,2
580,2,6,ResourceHoarderPlayer,RandomPlayer,2,777,Color.BLUE,2
581,2,6,ResourceHoarderPlayer,RandomPlayer,2,777,Color.BLUE,2
582,2,6,ResourceHoarderPlayer,RandomPlayer,2,777,Color.BLUE,2
583,2,6,ResourceHoarderPlayer,RandomPlayer,2,777,Color.BLUE,2
584,2,6,ResourceHoarderPlayer,RandomPlayer,2,777,Color.BLUE,2
585,2,6,ResourceHoarderPlayer,RandomPlayer,2,777,Color.BLUE,2
586,2,6,ResourceHoarderPlayer,RandomPlayer,2,777,Color.BLUE,2
587,2,6,ResourceHoarderPlayer,RandomPlayer,2,777,Color.BLUE,2
588,2,6,ResourceHoarderPlayer,RandomPlayer,2,777,Color.BLUE,2
589,2,6,ResourceHoarderPlayer,RandomPlayer,2,777,Color.BLUE,2
590,2,6,ResourceHoarderPlayer,RandomPlayer,2,777,Color.BLUE,2
591,2,6,ResourceHoarderPlayer,RandomPlayer,2,777,Color.BLUE,2
592,2,6,ResourceHoarderPlayer,RandomPlayer,2,777,Color.BLUE,2
593,2,6,ResourceHoarderPlayer,RandomPlayer,2,777,Color.BLUE,2
594,2,6,ResourceHoarderPlayer,RandomPlayer,2,777,Color.BLUE,2
595,2,6,ResourceHoarderPlayer,RandomPlayer,2,777,Color.BLUE,2
596,2,6,ResourceHoarderPlayer,RandomPlayer,2,777,Color.BLUE,2
597,2,6,ResourceHoarderPlayer,RandomPlayer,2,777,Color.BLUE,2
598,2,6,ResourceHoarderPlayer,RandomPlayer,2,777,Color.BLUE,2
599,2,6,ResourceHoarderPlayer,RandomPlayer,2,777,Color.BLUE,2
600,2,6,ResourceHoarderPlayer,RandomPlayer,2,777,Color.BLUE,2
601,2,6,ResourceHoarderPlayer,RandomPlayer,2,777,Color.BLUE,2
602,2,6,ResourceHoarderPlayer,RandomPlayer,2,777,Color.BLUE,2
603,2,6,ResourceHoarderPlayer,RandomPlayer,2,777,Color.BLUE,2
604,2,6,ResourceHoarderPlayer,RandomPlayer,2,777,Color.BLUE,2
605,2,6,ResourceHoarderPlayer,RandomPlayer,2,777,Color.BLUE,2
606,2,6,ResourceHoarderPlayer,RandomPlayer,2,777,Color.BLUE,2
607,2,6,ResourceHoarderPlayer,RandomPlayer,2,777,Color.BLUE,2
608,2,6,ResourceHoarderPlayer,RandomPlayer,2,777,Color.BLUE,2
609,2,6,ResourceHoarderPlayer,RandomPlayer,2,777,Color.BLUE,2
610,2,6,ResourceHoarderPlayer,RandomPlayer,2,777,Color.BLUE,2
611,2,6,ResourceHoarderPlayer,RandomPlayer,2,777,Color.BLUE,2
612,2,6,ResourceHoarderPlayer,RandomPlayer,2,777,Color.BLUE,2
613,2,6,ResourceHoarderPlayer,RandomPlayer,2,777,Color.BLUE,2
614,2,6,ResourceHoarderPlayer,RandomPlayer,2,777,Color.BLUE,2
615,2,6,ResourceHoarderPlayer,RandomPlayer,2,777,Color.BLUE,2
616,2,6,ResourceHoarderPlayer,RandomPlayer,2,777,Color.BLUE,2
617,2,6,ResourceHoarderPlayer,RandomPlayer,2,777,Color.BLUE,2
618,2,6,ResourceHoarderPlayer,RandomPlayer,2,777,Color.BLUE,2
619,2,7,ResourceHoarderPlayer,RandomPlayer,2,777,Color.BLUE,2
620,2,7,ResourceHoarderPlayer,RandomPlayer,2,777,Color.BLUE,2
621,2,7,ResourceHoarderPlayer,RandomPlayer,2,777,Color.BLUE,2
622,2,7,ResourceHoarderPlayer,RandomPlayer,2,777,Color.BLUE,2
623,2,7,ResourceHoarderPlayer,RandomPlayer,2,777,Color.BLUE,2
624,2,7,ResourceHoarderPlayer,RandomPlayer,2,777,Color.BLUE,2
625,2,7,ResourceHoarderPlayer,RandomPlayer,2,777,Color.BLUE,2
626,2,7,ResourceHoarderPlayer,RandomPlayer,2,777,Color.BLUE,2
627,2,7,ResourceHoarderPlayer,RandomPlayer,2,777,Color.BLUE,2
628,2,7,ResourceHoarderPlayer,RandomPlayer,2,777,Color.BLUE,2
629,2,7,ResourceHoarderPlayer,RandomPlayer,2,777,Color.BLUE,2
630,2,7,ResourceHoarderPlayer,RandomPlayer,2,777,Color.BLUE,2
631,2,7,ResourceHoarderPlayer,RandomPlayer,2,777,Color.BLUE,2
632,2,7,ResourceHoarderPlayer,RandomPlayer,2,777,Color.BLUE,2
633,2,7,ResourceHoarderPlayer,RandomPlayer,2,777,Color.BLUE,2
634,2,7,ResourceHoarderPlayer,RandomPlayer,2,777,Color.BLUE,2
635,2,7,ResourceHoarderPlayer,RandomPlayer,2,777,Color.BLUE,2
636,2,7,ResourceHoarderPlayer,RandomPlayer,2,777,Color.BLUE,2
637,2,7,ResourceHoarderPlayer,RandomPlayer,2,777,Color.BLUE,2
638,2,7,ResourceHoarderPlayer,RandomPlayer,2,777,Color.BLUE,2
639,2,7,ResourceHoarderPlayer,RandomPlayer,2,777,Color.BLUE,2
640,2,7,ResourceHoarderPlayer,RandomPlayer,2,777,Color.BLUE,2
641,2,7,ResourceHoarderPlayer,RandomPlayer,2,777,Color.BLUE,2
642,2,7,ResourceHoarderPlayer,RandomPlayer,2,777,Color.BLUE,2
643,2,7,ResourceHoarderPlayer,RandomPlayer,2,777,Color.BLUE,2
644,2,7,ResourceHoarderPlayer,RandomPlayer,2,777,Color.BLUE,2
645,2,9,ResourceHoarderPlayer,RandomPlayer,2,777,Color.BLUE,2
646,2,9,ResourceHoarderPlayer,RandomPlayer,2,777,Color.BLUE,2
647,2,9,ResourceHoarderPlayer,RandomPlayer,2,777,Color.BLUE,2
648,2,9,ResourceHoarderPlayer,RandomPlayer,2,777,Color.BLUE,2
649,2,9,ResourceHoarderPlayer,RandomPlayer,2,777,Color.BLUE,2
650,2,9,ResourceHoarderPlayer,RandomPlayer,2,777,Color.BLUE,2
651,2,9,ResourceHoarderPlayer,RandomPlayer,2,777,Color.BLUE,2
652,2,9,ResourceHoarderPlayer,RandomPlayer,2,777,Color.BLUE,2
653,2,9,ResourceHoarderPlayer,RandomPlayer,2,777,Color.BLUE,2
654,2,9,ResourceHoarderPlayer,RandomPlayer,2,777,Color.BLUE,2
655,2,9,ResourceHoarderPlayer,RandomPlayer,2,777,Color.BLUE,2
656,2,9,ResourceHoarderPlayer,RandomPlayer,2,777,Color.BLUE,2
657,2,9,ResourceHoarderPlayer,RandomPlayer,2,777,Color.BLUE,2
658,2,9,ResourceHoarderPlayer,RandomPlayer,2,777,Color.BLUE,2
659,2,9,ResourceHoarderPlayer,RandomPlayer,2,777,Color.BLUE,2
660,2,9,ResourceHoarderPlayer,RandomPlayer,2,777,Color.BLUE,2
661,2,9,ResourceHoarderPlayer,RandomPlayer,2,777,Color.BLUE,2
662,2,9,ResourceHoarderPlayer,RandomPlayer,2,777,Color.BLUE,2
663,2,9,ResourceHoarderPlayer,RandomPlayer,2,777,Color.BLUE,2
664,2,9,ResourceHoarderPlayer,RandomPlayer,2,777,Color.BLUE,2
665,2,9,ResourceHoarderPlayer,RandomPlayer,2,777,Color.BLUE,2
666,2,9,ResourceHoarderPlayer,RandomPlayer,2,777,Color.BLUE,2
667,2,9,ResourceHoarderPlayer,RandomPlayer,2,777,Color.BLUE,2
668,2,9,ResourceHoarderPlayer,RandomPlayer,2,777,Color.BLUE,2
669,2,9,ResourceHoarderPlayer,RandomPlayer,2,777,Color.BLUE,2
670,2,9,ResourceHoarderPlayer,RandomPlayer,2,777,Color.BLUE,2
671,2,9,ResourceHoarderPlayer,RandomPlayer,2,777,Color.BLUE,2
672,2,9,ResourceHoarderPlayer,RandomPlayer,2,777,Color.BLUE,2
673,2,9,ResourceHoarderPlayer,RandomPlayer,2,777,Color.BLUE,2
674,2,9,ResourceHoarderPlayer,RandomPlayer,2,777,Color.BLUE,2
675,2,9,ResourceHoarderPlayer,RandomPlayer,2,777,Color.BLUE,2
676,2,9,ResourceHoarderPlayer,RandomPlayer,2,777,Color.BLUE,2
677,2,9,ResourceHoarderPlayer,RandomPlayer,2,777,Color.BLUE,2
678,2,9,ResourceHoarderPlayer,RandomPlayer,2,777,Color.BLUE,2
679,2,9,ResourceHoarderPlayer,RandomPlayer,2,777,Color.BLUE,2
680,2,9,ResourceHoarderPlayer,RandomPlayer,2,777,Color.BLUE,2
681,2,9,ResourceHoarderPlayer,RandomPlayer,2,777,Color.BLUE,2
682,2,9,ResourceHoarderPlayer,RandomPlayer,2,777,Color.BLUE,2
683,2,9,ResourceHoarderPlayer,RandomPlayer,2,777,Color.BLUE,2
684,2,9,ResourceHoarderPlayer,RandomPlayer,2,777,Color.BLUE,2
685,2,9,ResourceHoarderPlayer,RandomPlayer,2,777,Color.BLUE,2
686,2,9,ResourceHoarderPlayer,RandomPlayer,2,777,Color.BLUE,2
687,2,9,ResourceHoarderPlayer,RandomPlayer,2,777,Color.BLUE,2
688,2,9,ResourceHoarderPlayer,RandomPlayer,2,777,Color.BLUE,2
689,2,9,ResourceHoarderPlayer,RandomPlayer,2,777,Color.BLUE,2
690,2,9,ResourceHoarderPlayer,RandomPlayer,2,777,Color.BLUE,2
691,2,9,ResourceHoarderPlayer,RandomPlayer,2,777,Color.BLUE,2
692,2,9,ResourceHoarderPlayer,RandomPlayer,2,777,Color.BLUE,2
693,2,9,ResourceHoarderPlayer,RandomPlayer,2,777,Color.BLUE,2
694,2,9,ResourceHoarderPlayer,RandomPlayer,2,777,Color.BLUE,2
695,2,9,ResourceHoarderPlayer,RandomPlayer,2,777,Color.BLUE,2
696,2,9,ResourceHoarderPlayer,RandomPlayer,2,777,Color.BLUE,2
697,2,9,ResourceHoarderPlayer,RandomPlayer,2,777,Color.BLUE,2
698,2,9,ResourceHoarderPlayer,RandomPlayer,2,777,Color.BLUE,2
699,2,9,ResourceHoarderPlayer,RandomPlayer,2,777,Color.BLUE,2
700,2,9,ResourceHoarderPlayer,RandomPlayer,2,777,Color.BLUE,2
701,2,9,ResourceHoarderPlayer,RandomPlayer,2,777,Color.BLUE,2
702,2,9,ResourceHoarderPlayer,RandomPlayer,2,777,Color.BLUE,2
703,2,9,ResourceHoarderPlayer,RandomPlayer,2,777,Color.BLUE,2
704,2,9,ResourceHoarderPlayer,RandomPlayer,2,777,Color.BLUE,2
705,2,9,ResourceHoarderPlayer,RandomPlayer,2,777,Color.BLUE,2
706,2,9,ResourceHoarderPlayer,RandomPlayer,2,777,Color.BLUE,2
707,2,9,ResourceHoarderPlayer,RandomPlayer,2,777,Color.BLUE,2
708,2,9,ResourceHoarderPlayer,RandomPlayer,2,777,Color.BLUE,2
709,2,9,ResourceHoarderPlayer,RandomPlayer,2,777,Color.BLUE,2
710,2,9,ResourceHoarderPlayer,RandomPlayer,2,777,Color.BLUE,2
711,2,9,ResourceHoarderPlayer,RandomPlayer,2,777,Color.BLUE,2
712,2,9,ResourceHoarderPlayer,RandomPlayer,2,777,Color.BLUE,2
713,2,9,ResourceHoarderPlayer,RandomPlayer,2,777,Color.BLUE,2
714,2,9,ResourceHoarderPlayer,RandomPlayer,2,777,Color.BLUE,2
715,2,9,ResourceHoarderPlayer,RandomPlayer,2,777,Color.BLUE,2
716,2,9,ResourceHoarderPlayer,RandomPlayer,2,777,Color.BLUE,2
717,2,9,ResourceHoarderPlayer,RandomPlayer,2,777,Color.BLUE,2
718,2,9,ResourceHoarderPlayer,RandomPlayer,2,777,Color.BLUE,2
719,2,9,ResourceHoarderPlayer,RandomPlayer,2,777,Color.BLUE,2
720,2,9,ResourceHoarderPlayer,RandomPlayer,2,777,Color.BLUE,2
721,2,9,ResourceHoarderPlayer,RandomPlayer,2,777,Color.BLUE,2
722,2,9,ResourceHoarderPlayer,RandomPlayer,2,777,Color.BLUE,2
723,2,9,ResourceHoarderPlayer,RandomPlayer,2,777,Color.BLUE,2
724,2,9,ResourceHoarderPlayer,RandomPlayer,2,777,Color.BLUE,2
725,2,9,ResourceHoarderPlayer,RandomPlayer,2,777,Color.BLUE,2
726,2,9,ResourceHoarderPlayer,RandomPlayer,2,777,Color.BLUE,2
727,2,9,ResourceHoarderPlayer,RandomPlayer,2,777,Color.BLUE,2
728,2,9,ResourceHoarderPlayer,RandomPlayer,2,777,Color.BLUE,2
729,2,9,ResourceHoarderPlayer,RandomPlayer,2,777,Color.BLUE,2
730,2,9,ResourceHoarderPlayer,RandomPlayer,2,777,Color.BLUE,2
731,2,9,ResourceHoarderPlayer,RandomPlayer,2,777,Color.BLUE,2
732,2,9,ResourceHoarderPlayer,RandomPlayer,2,777,Color.BLUE,2
733,2,9,ResourceHoarderPlayer,RandomPlayer,2,777,Color.BLUE,2
734,2,9,ResourceHoarderPlayer,RandomPlayer,2,777,Color.BLUE,2
735,2,9,ResourceHoarderPlayer,RandomPlayer,2,777,Color.BLUE,2
736,2,9,ResourceHoarderPlayer,RandomPlayer,2,777,Color.BLUE,2
737,2,9,ResourceHoarderPlayer,RandomPlayer,2,777,Color.BLUE,2
738,2,9,ResourceHoarderPlayer,RandomPlayer,2,777,Color.BLUE,2
739,2,9,ResourceHoarderPlayer,RandomPlayer,2,777,Color.BLUE,2
740,2,9,ResourceHoarderPlayer,RandomPlayer,2,777,Color.BLUE,2
741,2,9,ResourceHoarderPlayer,RandomPlayer,2,777,Color.BLUE,2
742,2,9,ResourceHoarderPlayer,RandomPlayer,2,777,Color.BLUE,2
743,2,9,ResourceHoarderPlayer,RandomPlayer,2,777,Color.BLUE,2
744,2,9,ResourceHoarderPlayer,RandomPlayer,2,777,Color.BLUE,2
745,2,9,ResourceHoarderPlayer,RandomPlayer,2,777,Color.BLUE,2
746,2,9,ResourceHoarderPlayer,RandomPlayer,2,777,Color.BLUE,2
747,2,9,ResourceHoarderPlayer,RandomPlayer,2,777,Color.BLUE,2
748,2,9,ResourceHoarderPlayer,RandomPlayer,2,777,Color.BLUE,2
749,2,9,ResourceHoarderPlayer,RandomPlayer,2,777,Color.BLUE,2
750,2,9,ResourceHoarderPlayer,RandomPlayer,2,777,Color.BLUE,2
751,2,9,ResourceHoarderPlayer,RandomPlayer,2,777,Color.BLUE,2
752,2,9,ResourceHoarderPlayer,RandomPlayer,2,777,Color.BLUE,2
753,2,9,ResourceHoarderPlayer,RandomPlayer,2,777,Color.BLUE,2
754,2,9,ResourceHoarderPlayer,RandomPlayer,2,777,Color.BLUE,2
755,2,9,ResourceHoarderPlayer,RandomPlayer,2,777,Color.BLUE,2
756,2,9,ResourceHoarderPlayer,RandomPlayer,2,777,Color.BLUE,2
757,2,9,ResourceHoarderPlayer,RandomPlayer,2,777,Color.BLUE,2
758,2,9,ResourceHoarderPlayer,RandomPlayer,2,777,Color.BLUE,2
759,2,9,ResourceHoarderPlayer,RandomPlayer,2,777,Color.BLUE,2
760,2,9,ResourceHoarderPlayer,RandomPlayer,2,777,Color.BLUE,2
761,2,9,ResourceHoarderPlayer,RandomPlayer,2,777,Color.BLUE,2
762,2,9,ResourceHoarderPlayer,RandomPlayer,2,777,Color.BLUE,2
763,2,9,ResourceHoarderPlayer,RandomPlayer,2,777,Color.BLUE,2
764,2,9,ResourceHoarderPlayer,RandomPlayer,2,777,Color.BLUE,2
765,2,9,ResourceHoarderPlayer,RandomPlayer,2,777,Color.BLUE,2
766,2,9,ResourceHoarderPlayer,RandomPlayer,2,777,Color.BLUE,2
767,2,9,ResourceHoarderPlayer,RandomPlayer,2,777,Color.BLUE,2
768,2,9,ResourceHoarderPlayer,RandomPlayer,2,777,Color.BLUE,2
769,2,9,ResourceHoarderPlayer,RandomPlayer,2,777,Color.BLUE,2
770,2,9,ResourceHoarderPlayer,RandomPlayer,2,777,Color.BLUE,2
771,2,9,ResourceHoarderPlayer,RandomPlayer,2,777,Color.BLUE,2
772,2,9,ResourceHoarderPlayer,RandomPlayer,2,777,Color.BLUE,2
773,2,9,ResourceHoarderPlayer,RandomPlayer,2,777,Color.BLUE,2
774,2,9,ResourceHoarderPlayer,RandomPlayer,2,777,Color.BLUE,2
775,2,9,ResourceHoarderPlayer,RandomPlayer,2,777,Color.BLUE,2
776,2,9,ResourceHoarderPlayer,RandomPlayer,2,777,Color.BLUE,2
